{
    "cv_mean": 0.8548282023512209,
    "cv_std": 0.007361210761221569,
    "accuracy": 0.8822751322751323,
    "report": {
        "1": {
            "precision": 0.7972665148063781,
            "recall": 0.8101851851851852,
            "f1-score": 0.8036739380022963,
            "support": 432.0
        },
        "2": {
            "precision": 0.8402203856749312,
            "recall": 0.7060185185185185,
            "f1-score": 0.7672955974842768,
            "support": 432.0
        },
        "3": {
            "precision": 0.8706697459584296,
            "recall": 0.8726851851851852,
            "f1-score": 0.8716763005780347,
            "support": 432.0
        },
        "4": {
            "precision": 0.9485458612975392,
            "recall": 0.9814814814814815,
            "f1-score": 0.9647326507394767,
            "support": 432.0
        },
        "5": {
            "precision": 0.8989247311827957,
            "recall": 0.9675925925925926,
            "f1-score": 0.9319955406911928,
            "support": 432.0
        },
        "6": {
            "precision": 0.8636363636363636,
            "recall": 0.8796296296296297,
            "f1-score": 0.8715596330275229,
            "support": 432.0
        },
        "7": {
            "precision": 0.9473684210526315,
            "recall": 0.9583333333333334,
            "f1-score": 0.952819332566168,
            "support": 432.0
        },
        "accuracy": 0.8822751322751323,
        "macro avg": {
            "precision": 0.8809474319441526,
            "recall": 0.8822751322751322,
            "f1-score": 0.8805361418698527,
            "support": 3024.0
        },
        "weighted avg": {
            "precision": 0.8809474319441526,
            "recall": 0.8822751322751323,
            "f1-score": 0.8805361418698527,
            "support": 3024.0
        }
    }
}