{
    "cv_mean": 0.6457671957671958,
    "cv_std": 0.007639962475234744,
    "accuracy": 0.8812830687830688,
    "report": {
        "1": {
            "precision": 0.7936507936507936,
            "recall": 0.8101851851851852,
            "f1-score": 0.8018327605956472,
            "support": 432.0
        },
        "2": {
            "precision": 0.8379888268156425,
            "recall": 0.6944444444444444,
            "f1-score": 0.759493670886076,
            "support": 432.0
        },
        "3": {
            "precision": 0.8709677419354839,
            "recall": 0.875,
            "f1-score": 0.8729792147806005,
            "support": 432.0
        },
        "4": {
            "precision": 0.9506726457399103,
            "recall": 0.9814814814814815,
            "f1-score": 0.9658314350797267,
            "support": 432.0
        },
        "5": {
            "precision": 0.9004329004329005,
            "recall": 0.9629629629629629,
            "f1-score": 0.930648769574944,
            "support": 432.0
        },
        "6": {
            "precision": 0.8584269662921349,
            "recall": 0.8842592592592593,
            "f1-score": 0.87115165336374,
            "support": 432.0
        },
        "7": {
            "precision": 0.9474885844748858,
            "recall": 0.9606481481481481,
            "f1-score": 0.9540229885057471,
            "support": 432.0
        },
        "accuracy": 0.8812830687830688,
        "macro avg": {
            "precision": 0.8799469227631074,
            "recall": 0.8812830687830688,
            "f1-score": 0.8794229275409259,
            "support": 3024.0
        },
        "weighted avg": {
            "precision": 0.8799469227631073,
            "recall": 0.8812830687830688,
            "f1-score": 0.879422927540926,
            "support": 3024.0
        }
    }
}